system,set,skydet_backend,swept,threshold,ty,ts,a,recall,fp_per_frame,fp_max
yolo,sirst_sky_targets,,ty,0.01,0.01,,0.25,0.6885,0.0428,1
skydet,sirst_sky_targets,cuda_fp32,ts,0.01,,0.01,0.25,0.8557,0.0097,1
yolo+skydet,sirst_sky_targets,cuda_fp32,ty,0.01,0.01,0.3,0.25,0.8459,0.0331,1
yolo+skydet,sirst_sky_targets,cuda_fp32,ts,0.01,0.15,0.01,0.25,0.8656,0.0136,1
yolo,sirst_sky_targets,,ty,0.02,0.02,,0.25,0.6557,0.0292,1
skydet,sirst_sky_targets,cuda_fp32,ts,0.02,,0.02,0.25,0.8525,0.0097,1
yolo+skydet,sirst_sky_targets,cuda_fp32,ty,0.02,0.02,0.3,0.25,0.8393,0.0292,1
yolo+skydet,sirst_sky_targets,cuda_fp32,ts,0.02,0.15,0.02,0.25,0.8623,0.0136,1
yolo,sirst_sky_targets,,ty,0.03,0.03,,0.25,0.6557,0.0214,1
skydet,sirst_sky_targets,cuda_fp32,ts,0.03,,0.03,0.25,0.8525,0.0097,1
yolo+skydet,sirst_sky_targets,cuda_fp32,ty,0.03,0.03,0.3,0.25,0.8426,0.0195,1
yolo+skydet,sirst_sky_targets,cuda_fp32,ts,0.03,0.15,0.03,0.25,0.8623,0.0136,1
yolo,sirst_sky_targets,,ty,0.05,0.05,,0.25,0.6426,0.0136,1
skydet,sirst_sky_targets,cuda_fp32,ts,0.05,,0.05,0.25,0.8525,0.0097,1
yolo+skydet,sirst_sky_targets,cuda_fp32,ty,0.05,0.05,0.3,0.25,0.8492,0.0175,1
yolo+skydet,sirst_sky_targets,cuda_fp32,ts,0.05,0.15,0.05,0.25,0.8623,0.0136,1
yolo,sirst_sky_targets,,ty,0.075,0.075,,0.25,0.6164,0.0097,1
skydet,sirst_sky_targets,cuda_fp32,ts,0.075,,0.075,0.25,0.8492,0.0097,1
yolo+skydet,sirst_sky_targets,cuda_fp32,ty,0.075,0.075,0.3,0.25,0.8426,0.0136,1
yolo+skydet,sirst_sky_targets,cuda_fp32,ts,0.075,0.15,0.075,0.25,0.8623,0.0136,1
yolo,sirst_sky_targets,,ty,0.1,0.1,,0.25,0.6,0.0058,1
skydet,sirst_sky_targets,cuda_fp32,ts,0.1,,0.1,0.25,0.8459,0.0097,1
yolo+skydet,sirst_sky_targets,cuda_fp32,ty,0.1,0.1,0.3,0.25,0.8393,0.0136,1
yolo+skydet,sirst_sky_targets,cuda_fp32,ts,0.1,0.15,0.1,0.25,0.859,0.0136,1
yolo,sirst_sky_targets,,ty,0.15,0.15,,0.25,0.5607,0.0019,1
skydet,sirst_sky_targets,cuda_fp32,ts,0.15,,0.15,0.25,0.8426,0.0097,1
yolo+skydet,sirst_sky_targets,cuda_fp32,ty,0.15,0.15,0.3,0.25,0.8393,0.0136,1
yolo+skydet,sirst_sky_targets,cuda_fp32,ts,0.15,0.15,0.15,0.25,0.8557,0.0136,1
yolo,sirst_sky_targets,,ty,0.2,0.2,,0.25,0.5115,0.0019,1
skydet,sirst_sky_targets,cuda_fp32,ts,0.2,,0.2,0.25,0.8393,0.0097,1
yolo+skydet,sirst_sky_targets,cuda_fp32,ty,0.2,0.2,0.3,0.25,0.8295,0.0136,1
yolo+skydet,sirst_sky_targets,cuda_fp32,ts,0.2,0.15,0.2,0.25,0.8557,0.0136,1
yolo,sirst_sky_targets,,ty,0.25,0.25,,0.25,0.482,0.0019,1
skydet,sirst_sky_targets,cuda_fp32,ts,0.25,,0.25,0.25,0.8262,0.0097,1
yolo+skydet,sirst_sky_targets,cuda_fp32,ty,0.25,0.25,0.3,0.25,0.8328,0.0117,1
yolo+skydet,sirst_sky_targets,cuda_fp32,ts,0.25,0.15,0.25,0.25,0.8426,0.0136,1
yolo,sirst_sky_targets,,ty,0.3,0.3,,0.25,0.4492,0.0019,1
skydet,sirst_sky_targets,cuda_fp32,ts,0.3,,0.3,0.25,0.8197,0.0097,1
yolo+skydet,sirst_sky_targets,cuda_fp32,ty,0.3,0.3,0.3,0.25,0.8328,0.0117,1
yolo+skydet,sirst_sky_targets,cuda_fp32,ts,0.3,0.15,0.3,0.25,0.8393,0.0136,1
yolo,sirst_sky_targets,,ty,0.35,0.35,,0.25,0.423,0.0019,1
skydet,sirst_sky_targets,cuda_fp32,ts,0.35,,0.35,0.25,0.8197,0.0097,1
yolo+skydet,sirst_sky_targets,cuda_fp32,ty,0.35,0.35,0.3,0.25,0.8328,0.0117,1
yolo+skydet,sirst_sky_targets,cuda_fp32,ts,0.35,0.15,0.35,0.25,0.8393,0.0136,1
yolo,sirst_sky_targets,,ty,0.4,0.4,,0.25,0.4,0.0019,1
skydet,sirst_sky_targets,cuda_fp32,ts,0.4,,0.4,0.25,0.8131,0.0097,1
yolo+skydet,sirst_sky_targets,cuda_fp32,ty,0.4,0.4,0.3,0.25,0.8328,0.0117,1
yolo+skydet,sirst_sky_targets,cuda_fp32,ts,0.4,0.15,0.4,0.25,0.8328,0.0136,1
yolo,sirst_sky_targets,,ty,0.45,0.45,,0.25,0.3541,0.0019,1
skydet,sirst_sky_targets,cuda_fp32,ts,0.45,,0.45,0.25,0.8131,0.0097,1
yolo+skydet,sirst_sky_targets,cuda_fp32,ty,0.45,0.45,0.3,0.25,0.8328,0.0117,1
yolo+skydet,sirst_sky_targets,cuda_fp32,ts,0.45,0.15,0.45,0.25,0.8328,0.0136,1
yolo,sirst_sky_targets,,ty,0.5,0.5,,0.25,0.3279,0.0,0
skydet,sirst_sky_targets,cuda_fp32,ts,0.5,,0.5,0.25,0.8033,0.0097,1
yolo+skydet,sirst_sky_targets,cuda_fp32,ty,0.5,0.5,0.3,0.25,0.8328,0.0097,1
yolo+skydet,sirst_sky_targets,cuda_fp32,ts,0.5,0.15,0.5,0.25,0.8262,0.0136,1
yolo,sirst_sky_targets,,ty,0.55,0.55,,0.25,0.2754,0.0,0
skydet,sirst_sky_targets,cuda_fp32,ts,0.55,,0.55,0.25,0.7967,0.0078,1
yolo+skydet,sirst_sky_targets,cuda_fp32,ty,0.55,0.55,0.3,0.25,0.8328,0.0097,1
yolo+skydet,sirst_sky_targets,cuda_fp32,ts,0.55,0.15,0.55,0.25,0.823,0.0117,1
yolo,sirst_sky_targets,,ty,0.6,0.6,,0.25,0.2197,0.0,0
skydet,sirst_sky_targets,cuda_fp32,ts,0.6,,0.6,0.25,0.7902,0.0058,1
yolo+skydet,sirst_sky_targets,cuda_fp32,ty,0.6,0.6,0.3,0.25,0.8328,0.0097,1
yolo+skydet,sirst_sky_targets,cuda_fp32,ts,0.6,0.15,0.6,0.25,0.8197,0.0097,1
yolo,sirst_sky_targets,,ty,0.65,0.65,,0.25,0.118,0.0,0
skydet,sirst_sky_targets,cuda_fp32,ts,0.65,,0.65,0.25,0.7607,0.0058,1
yolo+skydet,sirst_sky_targets,cuda_fp32,ty,0.65,0.65,0.3,0.25,0.823,0.0097,1
yolo+skydet,sirst_sky_targets,cuda_fp32,ts,0.65,0.15,0.65,0.25,0.8066,0.0097,1
yolo,sirst_sky_targets,,ty,0.7,0.7,,0.25,0.0787,0.0,0
skydet,sirst_sky_targets,cuda_fp32,ts,0.7,,0.7,0.25,0.7377,0.0058,1
yolo+skydet,sirst_sky_targets,cuda_fp32,ty,0.7,0.7,0.3,0.25,0.8197,0.0097,1
yolo+skydet,sirst_sky_targets,cuda_fp32,ts,0.7,0.15,0.7,0.25,0.7934,0.0097,1
yolo,sirst_sky_targets,,ty,0.75,0.75,,0.25,0.0098,0.0,0
skydet,sirst_sky_targets,cuda_fp32,ts,0.75,,0.75,0.25,0.7148,0.0058,1
yolo+skydet,sirst_sky_targets,cuda_fp32,ty,0.75,0.75,0.3,0.25,0.8197,0.0097,1
yolo+skydet,sirst_sky_targets,cuda_fp32,ts,0.75,0.15,0.75,0.25,0.777,0.0097,1
yolo,sirst_sky_targets,,ty,0.8,0.8,,0.25,0.0,0.0,0
skydet,sirst_sky_targets,cuda_fp32,ts,0.8,,0.8,0.25,0.682,0.0058,1
yolo+skydet,sirst_sky_targets,cuda_fp32,ty,0.8,0.8,0.3,0.25,0.8197,0.0097,1
yolo+skydet,sirst_sky_targets,cuda_fp32,ts,0.8,0.15,0.8,0.25,0.7541,0.0097,1
yolo,sirst_sky_targets,,ty,0.85,0.85,,0.25,0.0,0.0,0
skydet,sirst_sky_targets,cuda_fp32,ts,0.85,,0.85,0.25,0.6262,0.0039,1
yolo+skydet,sirst_sky_targets,cuda_fp32,ty,0.85,0.85,0.3,0.25,0.8197,0.0097,1
yolo+skydet,sirst_sky_targets,cuda_fp32,ts,0.85,0.15,0.85,0.25,0.7311,0.0058,1
yolo,sirst_sky_targets,,ty,0.9,0.9,,0.25,0.0,0.0,0
skydet,sirst_sky_targets,cuda_fp32,ts,0.9,,0.9,0.25,0.577,0.0039,1
yolo+skydet,sirst_sky_targets,cuda_fp32,ty,0.9,0.9,0.3,0.25,0.8197,0.0097,1
yolo+skydet,sirst_sky_targets,cuda_fp32,ts,0.9,0.15,0.9,0.25,0.7049,0.0058,1
yolo,sirst_sky_targets,,ty,0.95,0.95,,0.25,0.0,0.0,0
skydet,sirst_sky_targets,cuda_fp32,ts,0.95,,0.95,0.25,0.4066,0.0019,1
yolo+skydet,sirst_sky_targets,cuda_fp32,ty,0.95,0.95,0.3,0.25,0.8197,0.0097,1
yolo+skydet,sirst_sky_targets,cuda_fp32,ts,0.95,0.15,0.95,0.25,0.6492,0.0039,1
yolo,sirst_no_targets,,ty,0.01,0.01,,0.25,,0.5647,1
skydet,sirst_no_targets,cuda_fp32,ts,0.01,,0.01,0.25,,0.3922,1
yolo+skydet,sirst_no_targets,cuda_fp32,ty,0.01,0.01,0.3,0.25,,0.6275,1
yolo+skydet,sirst_no_targets,cuda_fp32,ts,0.01,0.15,0.01,0.25,,0.5059,1
yolo,sirst_no_targets,,ty,0.02,0.02,,0.25,,0.451,1
skydet,sirst_no_targets,cuda_fp32,ts,0.02,,0.02,0.25,,0.3569,1
yolo+skydet,sirst_no_targets,cuda_fp32,ty,0.02,0.02,0.3,0.25,,0.5333,1
yolo+skydet,sirst_no_targets,cuda_fp32,ts,0.02,0.15,0.02,0.25,,0.4824,1
yolo,sirst_no_targets,,ty,0.03,0.03,,0.25,,0.3686,1
skydet,sirst_no_targets,cuda_fp32,ts,0.03,,0.03,0.25,,0.3451,1
yolo+skydet,sirst_no_targets,cuda_fp32,ty,0.03,0.03,0.3,0.25,,0.4667,1
yolo+skydet,sirst_no_targets,cuda_fp32,ts,0.03,0.15,0.03,0.25,,0.4745,1
yolo,sirst_no_targets,,ty,0.05,0.05,,0.25,,0.3098,1
skydet,sirst_no_targets,cuda_fp32,ts,0.05,,0.05,0.25,,0.3294,1
yolo+skydet,sirst_no_targets,cuda_fp32,ty,0.05,0.05,0.3,0.25,,0.4196,1
yolo+skydet,sirst_no_targets,cuda_fp32,ts,0.05,0.15,0.05,0.25,,0.4667,1
yolo,sirst_no_targets,,ty,0.075,0.075,,0.25,,0.2588,1
skydet,sirst_no_targets,cuda_fp32,ts,0.075,,0.075,0.25,,0.302,1
yolo+skydet,sirst_no_targets,cuda_fp32,ty,0.075,0.075,0.3,0.25,,0.3843,1
yolo+skydet,sirst_no_targets,cuda_fp32,ts,0.075,0.15,0.075,0.25,,0.4392,1
yolo,sirst_no_targets,,ty,0.1,0.1,,0.25,,0.2275,1
skydet,sirst_no_targets,cuda_fp32,ts,0.1,,0.1,0.25,,0.298,1
yolo+skydet,sirst_no_targets,cuda_fp32,ty,0.1,0.1,0.3,0.25,,0.3529,1
yolo+skydet,sirst_no_targets,cuda_fp32,ts,0.1,0.15,0.1,0.25,,0.4353,1
yolo,sirst_no_targets,,ty,0.15,0.15,,0.25,,0.1922,1
skydet,sirst_no_targets,cuda_fp32,ts,0.15,,0.15,0.25,,0.2471,1
yolo+skydet,sirst_no_targets,cuda_fp32,ty,0.15,0.15,0.3,0.25,,0.3294,1
yolo+skydet,sirst_no_targets,cuda_fp32,ts,0.15,0.15,0.15,0.25,,0.3843,1
yolo,sirst_no_targets,,ty,0.2,0.2,,0.25,,0.149,1
skydet,sirst_no_targets,cuda_fp32,ts,0.2,,0.2,0.25,,0.2196,1
yolo+skydet,sirst_no_targets,cuda_fp32,ty,0.2,0.2,0.3,0.25,,0.2863,1
yolo+skydet,sirst_no_targets,cuda_fp32,ts,0.2,0.15,0.2,0.25,,0.3765,1
yolo,sirst_no_targets,,ty,0.25,0.25,,0.25,,0.1294,1
skydet,sirst_no_targets,cuda_fp32,ts,0.25,,0.25,0.25,,0.1843,1
yolo+skydet,sirst_no_targets,cuda_fp32,ty,0.25,0.25,0.3,0.25,,0.2745,1
yolo+skydet,sirst_no_targets,cuda_fp32,ts,0.25,0.15,0.25,0.25,,0.3451,1
yolo,sirst_no_targets,,ty,0.3,0.3,,0.25,,0.1137,1
skydet,sirst_no_targets,cuda_fp32,ts,0.3,,0.3,0.25,,0.1686,1
yolo+skydet,sirst_no_targets,cuda_fp32,ty,0.3,0.3,0.3,0.25,,0.2627,1
yolo+skydet,sirst_no_targets,cuda_fp32,ts,0.3,0.15,0.3,0.25,,0.3294,1
yolo,sirst_no_targets,,ty,0.35,0.35,,0.25,,0.0902,1
skydet,sirst_no_targets,cuda_fp32,ts,0.35,,0.35,0.25,,0.1412,1
yolo+skydet,sirst_no_targets,cuda_fp32,ty,0.35,0.35,0.3,0.25,,0.2392,1
yolo+skydet,sirst_no_targets,cuda_fp32,ts,0.35,0.15,0.35,0.25,,0.302,1
yolo,sirst_no_targets,,ty,0.4,0.4,,0.25,,0.0745,1
skydet,sirst_no_targets,cuda_fp32,ts,0.4,,0.4,0.25,,0.1176,1
yolo+skydet,sirst_no_targets,cuda_fp32,ty,0.4,0.4,0.3,0.25,,0.2235,1
yolo+skydet,sirst_no_targets,cuda_fp32,ts,0.4,0.15,0.4,0.25,,0.2863,1
yolo,sirst_no_targets,,ty,0.45,0.45,,0.25,,0.051,1
skydet,sirst_no_targets,cuda_fp32,ts,0.45,,0.45,0.25,,0.102,1
yolo+skydet,sirst_no_targets,cuda_fp32,ty,0.45,0.45,0.3,0.25,,0.2039,1
yolo+skydet,sirst_no_targets,cuda_fp32,ts,0.45,0.15,0.45,0.25,,0.2706,1
yolo,sirst_no_targets,,ty,0.5,0.5,,0.25,,0.0392,1
skydet,sirst_no_targets,cuda_fp32,ts,0.5,,0.5,0.25,,0.0902,1
yolo+skydet,sirst_no_targets,cuda_fp32,ty,0.5,0.5,0.3,0.25,,0.1922,1
yolo+skydet,sirst_no_targets,cuda_fp32,ts,0.5,0.15,0.5,0.25,,0.2588,1
yolo,sirst_no_targets,,ty,0.55,0.55,,0.25,,0.0275,1
skydet,sirst_no_targets,cuda_fp32,ts,0.55,,0.55,0.25,,0.0706,1
yolo+skydet,sirst_no_targets,cuda_fp32,ty,0.55,0.55,0.3,0.25,,0.1804,1
yolo+skydet,sirst_no_targets,cuda_fp32,ts,0.55,0.15,0.55,0.25,,0.2431,1
yolo,sirst_no_targets,,ty,0.6,0.6,,0.25,,0.0157,1
skydet,sirst_no_targets,cuda_fp32,ts,0.6,,0.6,0.25,,0.0706,1
yolo+skydet,sirst_no_targets,cuda_fp32,ty,0.6,0.6,0.3,0.25,,0.1725,1
yolo+skydet,sirst_no_targets,cuda_fp32,ts,0.6,0.15,0.6,0.25,,0.2431,1
yolo,sirst_no_targets,,ty,0.65,0.65,,0.25,,0.0078,1
skydet,sirst_no_targets,cuda_fp32,ts,0.65,,0.65,0.25,,0.0588,1
yolo+skydet,sirst_no_targets,cuda_fp32,ty,0.65,0.65,0.3,0.25,,0.1686,1
yolo+skydet,sirst_no_targets,cuda_fp32,ts,0.65,0.15,0.65,0.25,,0.2353,1
yolo,sirst_no_targets,,ty,0.7,0.7,,0.25,,0.0,0
skydet,sirst_no_targets,cuda_fp32,ts,0.7,,0.7,0.25,,0.0471,1
yolo+skydet,sirst_no_targets,cuda_fp32,ty,0.7,0.7,0.3,0.25,,0.1686,1
yolo+skydet,sirst_no_targets,cuda_fp32,ts,0.7,0.15,0.7,0.25,,0.2275,1
yolo,sirst_no_targets,,ty,0.75,0.75,,0.25,,0.0,0
skydet,sirst_no_targets,cuda_fp32,ts,0.75,,0.75,0.25,,0.0431,1
yolo+skydet,sirst_no_targets,cuda_fp32,ty,0.75,0.75,0.3,0.25,,0.1686,1
yolo+skydet,sirst_no_targets,cuda_fp32,ts,0.75,0.15,0.75,0.25,,0.2235,1
yolo,sirst_no_targets,,ty,0.8,0.8,,0.25,,0.0,0
skydet,sirst_no_targets,cuda_fp32,ts,0.8,,0.8,0.25,,0.0353,1
yolo+skydet,sirst_no_targets,cuda_fp32,ty,0.8,0.8,0.3,0.25,,0.1686,1
yolo+skydet,sirst_no_targets,cuda_fp32,ts,0.8,0.15,0.8,0.25,,0.2196,1
yolo,sirst_no_targets,,ty,0.85,0.85,,0.25,,0.0,0
skydet,sirst_no_targets,cuda_fp32,ts,0.85,,0.85,0.25,,0.0314,1
yolo+skydet,sirst_no_targets,cuda_fp32,ty,0.85,0.85,0.3,0.25,,0.1686,1
yolo+skydet,sirst_no_targets,cuda_fp32,ts,0.85,0.15,0.85,0.25,,0.2157,1
yolo,sirst_no_targets,,ty,0.9,0.9,,0.25,,0.0,0
skydet,sirst_no_targets,cuda_fp32,ts,0.9,,0.9,0.25,,0.0157,1
yolo+skydet,sirst_no_targets,cuda_fp32,ty,0.9,0.9,0.3,0.25,,0.1686,1
yolo+skydet,sirst_no_targets,cuda_fp32,ts,0.9,0.15,0.9,0.25,,0.2,1
yolo,sirst_no_targets,,ty,0.95,0.95,,0.25,,0.0,0
skydet,sirst_no_targets,cuda_fp32,ts,0.95,,0.95,0.25,,0.0078,1
yolo+skydet,sirst_no_targets,cuda_fp32,ty,0.95,0.95,0.3,0.25,,0.1686,1
yolo+skydet,sirst_no_targets,cuda_fp32,ts,0.95,0.15,0.95,0.25,,0.1961,1
skydet,sirst_sky_targets,trt_fp16,ts,0.01,,0.01,0.25,0.8557,0.0097,1
yolo+skydet,sirst_sky_targets,trt_fp16,ty,0.01,0.01,0.3,0.25,0.8459,0.0331,1
yolo+skydet,sirst_sky_targets,trt_fp16,ts,0.01,0.15,0.01,0.25,0.8656,0.0136,1
skydet,sirst_sky_targets,trt_fp16,ts,0.02,,0.02,0.25,0.8525,0.0097,1
yolo+skydet,sirst_sky_targets,trt_fp16,ty,0.02,0.02,0.3,0.25,0.8393,0.0292,1
yolo+skydet,sirst_sky_targets,trt_fp16,ts,0.02,0.15,0.02,0.25,0.8623,0.0136,1
skydet,sirst_sky_targets,trt_fp16,ts,0.03,,0.03,0.25,0.8525,0.0097,1
yolo+skydet,sirst_sky_targets,trt_fp16,ty,0.03,0.03,0.3,0.25,0.8426,0.0195,1
yolo+skydet,sirst_sky_targets,trt_fp16,ts,0.03,0.15,0.03,0.25,0.8623,0.0136,1
skydet,sirst_sky_targets,trt_fp16,ts,0.05,,0.05,0.25,0.8525,0.0097,1
yolo+skydet,sirst_sky_targets,trt_fp16,ty,0.05,0.05,0.3,0.25,0.8492,0.0175,1
yolo+skydet,sirst_sky_targets,trt_fp16,ts,0.05,0.15,0.05,0.25,0.8623,0.0136,1
skydet,sirst_sky_targets,trt_fp16,ts,0.075,,0.075,0.25,0.8492,0.0097,1
yolo+skydet,sirst_sky_targets,trt_fp16,ty,0.075,0.075,0.3,0.25,0.8426,0.0136,1
yolo+skydet,sirst_sky_targets,trt_fp16,ts,0.075,0.15,0.075,0.25,0.8623,0.0136,1
skydet,sirst_sky_targets,trt_fp16,ts,0.1,,0.1,0.25,0.8426,0.0097,1
yolo+skydet,sirst_sky_targets,trt_fp16,ty,0.1,0.1,0.3,0.25,0.8393,0.0136,1
yolo+skydet,sirst_sky_targets,trt_fp16,ts,0.1,0.15,0.1,0.25,0.8557,0.0136,1
skydet,sirst_sky_targets,trt_fp16,ts,0.15,,0.15,0.25,0.8426,0.0097,1
yolo+skydet,sirst_sky_targets,trt_fp16,ty,0.15,0.15,0.3,0.25,0.8393,0.0136,1
yolo+skydet,sirst_sky_targets,trt_fp16,ts,0.15,0.15,0.15,0.25,0.8557,0.0136,1
skydet,sirst_sky_targets,trt_fp16,ts,0.2,,0.2,0.25,0.8393,0.0097,1
yolo+skydet,sirst_sky_targets,trt_fp16,ty,0.2,0.2,0.3,0.25,0.8295,0.0136,1
yolo+skydet,sirst_sky_targets,trt_fp16,ts,0.2,0.15,0.2,0.25,0.8557,0.0136,1
skydet,sirst_sky_targets,trt_fp16,ts,0.25,,0.25,0.25,0.8262,0.0097,1
yolo+skydet,sirst_sky_targets,trt_fp16,ty,0.25,0.25,0.3,0.25,0.8328,0.0117,1
yolo+skydet,sirst_sky_targets,trt_fp16,ts,0.25,0.15,0.25,0.25,0.8426,0.0136,1
skydet,sirst_sky_targets,trt_fp16,ts,0.3,,0.3,0.25,0.8197,0.0097,1
yolo+skydet,sirst_sky_targets,trt_fp16,ty,0.3,0.3,0.3,0.25,0.8328,0.0117,1
yolo+skydet,sirst_sky_targets,trt_fp16,ts,0.3,0.15,0.3,0.25,0.8393,0.0136,1
skydet,sirst_sky_targets,trt_fp16,ts,0.35,,0.35,0.25,0.8197,0.0097,1
yolo+skydet,sirst_sky_targets,trt_fp16,ty,0.35,0.35,0.3,0.25,0.8328,0.0117,1
yolo+skydet,sirst_sky_targets,trt_fp16,ts,0.35,0.15,0.35,0.25,0.8393,0.0136,1
skydet,sirst_sky_targets,trt_fp16,ts,0.4,,0.4,0.25,0.8131,0.0097,1
yolo+skydet,sirst_sky_targets,trt_fp16,ty,0.4,0.4,0.3,0.25,0.8328,0.0117,1
yolo+skydet,sirst_sky_targets,trt_fp16,ts,0.4,0.15,0.4,0.25,0.8328,0.0136,1
skydet,sirst_sky_targets,trt_fp16,ts,0.45,,0.45,0.25,0.8131,0.0097,1
yolo+skydet,sirst_sky_targets,trt_fp16,ty,0.45,0.45,0.3,0.25,0.8328,0.0117,1
yolo+skydet,sirst_sky_targets,trt_fp16,ts,0.45,0.15,0.45,0.25,0.8328,0.0136,1
skydet,sirst_sky_targets,trt_fp16,ts,0.5,,0.5,0.25,0.8033,0.0097,1
yolo+skydet,sirst_sky_targets,trt_fp16,ty,0.5,0.5,0.3,0.25,0.8328,0.0097,1
yolo+skydet,sirst_sky_targets,trt_fp16,ts,0.5,0.15,0.5,0.25,0.8262,0.0136,1
skydet,sirst_sky_targets,trt_fp16,ts,0.55,,0.55,0.25,0.7967,0.0078,1
yolo+skydet,sirst_sky_targets,trt_fp16,ty,0.55,0.55,0.3,0.25,0.8328,0.0097,1
yolo+skydet,sirst_sky_targets,trt_fp16,ts,0.55,0.15,0.55,0.25,0.823,0.0117,1
skydet,sirst_sky_targets,trt_fp16,ts,0.6,,0.6,0.25,0.7902,0.0058,1
yolo+skydet,sirst_sky_targets,trt_fp16,ty,0.6,0.6,0.3,0.25,0.8328,0.0097,1
yolo+skydet,sirst_sky_targets,trt_fp16,ts,0.6,0.15,0.6,0.25,0.8197,0.0097,1
skydet,sirst_sky_targets,trt_fp16,ts,0.65,,0.65,0.25,0.7607,0.0058,1
yolo+skydet,sirst_sky_targets,trt_fp16,ty,0.65,0.65,0.3,0.25,0.823,0.0097,1
yolo+skydet,sirst_sky_targets,trt_fp16,ts,0.65,0.15,0.65,0.25,0.8066,0.0097,1
skydet,sirst_sky_targets,trt_fp16,ts,0.7,,0.7,0.25,0.7377,0.0058,1
yolo+skydet,sirst_sky_targets,trt_fp16,ty,0.7,0.7,0.3,0.25,0.8197,0.0097,1
yolo+skydet,sirst_sky_targets,trt_fp16,ts,0.7,0.15,0.7,0.25,0.7934,0.0097,1
skydet,sirst_sky_targets,trt_fp16,ts,0.75,,0.75,0.25,0.7148,0.0058,1
yolo+skydet,sirst_sky_targets,trt_fp16,ty,0.75,0.75,0.3,0.25,0.8197,0.0097,1
yolo+skydet,sirst_sky_targets,trt_fp16,ts,0.75,0.15,0.75,0.25,0.777,0.0097,1
skydet,sirst_sky_targets,trt_fp16,ts,0.8,,0.8,0.25,0.682,0.0058,1
yolo+skydet,sirst_sky_targets,trt_fp16,ty,0.8,0.8,0.3,0.25,0.8197,0.0097,1
yolo+skydet,sirst_sky_targets,trt_fp16,ts,0.8,0.15,0.8,0.25,0.7541,0.0097,1
skydet,sirst_sky_targets,trt_fp16,ts,0.85,,0.85,0.25,0.6262,0.0039,1
yolo+skydet,sirst_sky_targets,trt_fp16,ty,0.85,0.85,0.3,0.25,0.8197,0.0097,1
yolo+skydet,sirst_sky_targets,trt_fp16,ts,0.85,0.15,0.85,0.25,0.7311,0.0058,1
skydet,sirst_sky_targets,trt_fp16,ts,0.9,,0.9,0.25,0.577,0.0039,1
yolo+skydet,sirst_sky_targets,trt_fp16,ty,0.9,0.9,0.3,0.25,0.8197,0.0097,1
yolo+skydet,sirst_sky_targets,trt_fp16,ts,0.9,0.15,0.9,0.25,0.7049,0.0058,1
skydet,sirst_sky_targets,trt_fp16,ts,0.95,,0.95,0.25,0.4066,0.0019,1
yolo+skydet,sirst_sky_targets,trt_fp16,ty,0.95,0.95,0.3,0.25,0.8197,0.0097,1
yolo+skydet,sirst_sky_targets,trt_fp16,ts,0.95,0.15,0.95,0.25,0.6492,0.0039,1
skydet,sirst_no_targets,trt_fp16,ts,0.01,,0.01,0.25,,0.3922,1
yolo+skydet,sirst_no_targets,trt_fp16,ty,0.01,0.01,0.3,0.25,,0.6275,1
yolo+skydet,sirst_no_targets,trt_fp16,ts,0.01,0.15,0.01,0.25,,0.5059,1
skydet,sirst_no_targets,trt_fp16,ts,0.02,,0.02,0.25,,0.3569,1
yolo+skydet,sirst_no_targets,trt_fp16,ty,0.02,0.02,0.3,0.25,,0.5333,1
yolo+skydet,sirst_no_targets,trt_fp16,ts,0.02,0.15,0.02,0.25,,0.4824,1
skydet,sirst_no_targets,trt_fp16,ts,0.03,,0.03,0.25,,0.3451,1
yolo+skydet,sirst_no_targets,trt_fp16,ty,0.03,0.03,0.3,0.25,,0.4667,1
yolo+skydet,sirst_no_targets,trt_fp16,ts,0.03,0.15,0.03,0.25,,0.4745,1
skydet,sirst_no_targets,trt_fp16,ts,0.05,,0.05,0.25,,0.3294,1
yolo+skydet,sirst_no_targets,trt_fp16,ty,0.05,0.05,0.3,0.25,,0.4196,1
yolo+skydet,sirst_no_targets,trt_fp16,ts,0.05,0.15,0.05,0.25,,0.4667,1
skydet,sirst_no_targets,trt_fp16,ts,0.075,,0.075,0.25,,0.302,1
yolo+skydet,sirst_no_targets,trt_fp16,ty,0.075,0.075,0.3,0.25,,0.3843,1
yolo+skydet,sirst_no_targets,trt_fp16,ts,0.075,0.15,0.075,0.25,,0.4392,1
skydet,sirst_no_targets,trt_fp16,ts,0.1,,0.1,0.25,,0.298,1
yolo+skydet,sirst_no_targets,trt_fp16,ty,0.1,0.1,0.3,0.25,,0.3529,1
yolo+skydet,sirst_no_targets,trt_fp16,ts,0.1,0.15,0.1,0.25,,0.4353,1
skydet,sirst_no_targets,trt_fp16,ts,0.15,,0.15,0.25,,0.2471,1
yolo+skydet,sirst_no_targets,trt_fp16,ty,0.15,0.15,0.3,0.25,,0.3294,1
yolo+skydet,sirst_no_targets,trt_fp16,ts,0.15,0.15,0.15,0.25,,0.3843,1
skydet,sirst_no_targets,trt_fp16,ts,0.2,,0.2,0.25,,0.2196,1
yolo+skydet,sirst_no_targets,trt_fp16,ty,0.2,0.2,0.3,0.25,,0.2863,1
yolo+skydet,sirst_no_targets,trt_fp16,ts,0.2,0.15,0.2,0.25,,0.3765,1
skydet,sirst_no_targets,trt_fp16,ts,0.25,,0.25,0.25,,0.1843,1
yolo+skydet,sirst_no_targets,trt_fp16,ty,0.25,0.25,0.3,0.25,,0.2745,1
yolo+skydet,sirst_no_targets,trt_fp16,ts,0.25,0.15,0.25,0.25,,0.3451,1
skydet,sirst_no_targets,trt_fp16,ts,0.3,,0.3,0.25,,0.1686,1
yolo+skydet,sirst_no_targets,trt_fp16,ty,0.3,0.3,0.3,0.25,,0.2627,1
yolo+skydet,sirst_no_targets,trt_fp16,ts,0.3,0.15,0.3,0.25,,0.3294,1
skydet,sirst_no_targets,trt_fp16,ts,0.35,,0.35,0.25,,0.1412,1
yolo+skydet,sirst_no_targets,trt_fp16,ty,0.35,0.35,0.3,0.25,,0.2392,1
yolo+skydet,sirst_no_targets,trt_fp16,ts,0.35,0.15,0.35,0.25,,0.302,1
skydet,sirst_no_targets,trt_fp16,ts,0.4,,0.4,0.25,,0.1176,1
yolo+skydet,sirst_no_targets,trt_fp16,ty,0.4,0.4,0.3,0.25,,0.2235,1
yolo+skydet,sirst_no_targets,trt_fp16,ts,0.4,0.15,0.4,0.25,,0.2863,1
skydet,sirst_no_targets,trt_fp16,ts,0.45,,0.45,0.25,,0.102,1
yolo+skydet,sirst_no_targets,trt_fp16,ty,0.45,0.45,0.3,0.25,,0.2039,1
yolo+skydet,sirst_no_targets,trt_fp16,ts,0.45,0.15,0.45,0.25,,0.2706,1
skydet,sirst_no_targets,trt_fp16,ts,0.5,,0.5,0.25,,0.0902,1
yolo+skydet,sirst_no_targets,trt_fp16,ty,0.5,0.5,0.3,0.25,,0.1922,1
yolo+skydet,sirst_no_targets,trt_fp16,ts,0.5,0.15,0.5,0.25,,0.2588,1
skydet,sirst_no_targets,trt_fp16,ts,0.55,,0.55,0.25,,0.0706,1
yolo+skydet,sirst_no_targets,trt_fp16,ty,0.55,0.55,0.3,0.25,,0.1804,1
yolo+skydet,sirst_no_targets,trt_fp16,ts,0.55,0.15,0.55,0.25,,0.2431,1
skydet,sirst_no_targets,trt_fp16,ts,0.6,,0.6,0.25,,0.0706,1
yolo+skydet,sirst_no_targets,trt_fp16,ty,0.6,0.6,0.3,0.25,,0.1725,1
yolo+skydet,sirst_no_targets,trt_fp16,ts,0.6,0.15,0.6,0.25,,0.2431,1
skydet,sirst_no_targets,trt_fp16,ts,0.65,,0.65,0.25,,0.0588,1
yolo+skydet,sirst_no_targets,trt_fp16,ty,0.65,0.65,0.3,0.25,,0.1686,1
yolo+skydet,sirst_no_targets,trt_fp16,ts,0.65,0.15,0.65,0.25,,0.2353,1
skydet,sirst_no_targets,trt_fp16,ts,0.7,,0.7,0.25,,0.0471,1
yolo+skydet,sirst_no_targets,trt_fp16,ty,0.7,0.7,0.3,0.25,,0.1686,1
yolo+skydet,sirst_no_targets,trt_fp16,ts,0.7,0.15,0.7,0.25,,0.2275,1
skydet,sirst_no_targets,trt_fp16,ts,0.75,,0.75,0.25,,0.0431,1
yolo+skydet,sirst_no_targets,trt_fp16,ty,0.75,0.75,0.3,0.25,,0.1686,1
yolo+skydet,sirst_no_targets,trt_fp16,ts,0.75,0.15,0.75,0.25,,0.2235,1
skydet,sirst_no_targets,trt_fp16,ts,0.8,,0.8,0.25,,0.0353,1
yolo+skydet,sirst_no_targets,trt_fp16,ty,0.8,0.8,0.3,0.25,,0.1686,1
yolo+skydet,sirst_no_targets,trt_fp16,ts,0.8,0.15,0.8,0.25,,0.2196,1
skydet,sirst_no_targets,trt_fp16,ts,0.85,,0.85,0.25,,0.0314,1
yolo+skydet,sirst_no_targets,trt_fp16,ty,0.85,0.85,0.3,0.25,,0.1686,1
yolo+skydet,sirst_no_targets,trt_fp16,ts,0.85,0.15,0.85,0.25,,0.2157,1
skydet,sirst_no_targets,trt_fp16,ts,0.9,,0.9,0.25,,0.0157,1
yolo+skydet,sirst_no_targets,trt_fp16,ty,0.9,0.9,0.3,0.25,,0.1686,1
yolo+skydet,sirst_no_targets,trt_fp16,ts,0.9,0.15,0.9,0.25,,0.2,1
skydet,sirst_no_targets,trt_fp16,ts,0.95,,0.95,0.25,,0.0078,1
yolo+skydet,sirst_no_targets,trt_fp16,ty,0.95,0.95,0.3,0.25,,0.1686,1
yolo+skydet,sirst_no_targets,trt_fp16,ts,0.95,0.15,0.95,0.25,,0.1961,1
