imgsz,input,system,set,frames,targets,recall,fp_per_frame,fp_max,recall_5-8px,recall_9-16px,recall_17-32px,recall_33-50px,ms_mean,ms_p95,fps
640,640x512,yolo,sirst_sky_targets,514,305,0.5607,0.0019,1,0.459,0.655,0.724,0.75,1.56,1.71,640.5
640,640x512,yolo+skydet,sirst_sky_targets,514,305,0.8393,0.0136,1,0.818,0.858,0.862,1.0,6.95,7.97,143.8
640,640x512,yolo,sirst_sun_real,105,41,0.3902,0.0286,1,0.28,0.6,,0.0,1.56,1.71,640.5
640,640x512,yolo+skydet,sirst_sun_real,105,41,0.878,0.0952,1,0.88,0.867,,1.0,6.95,7.97,143.8
640,640x512,yolo,sirst_no_targets,255,0,,0.1922,1,,,,,1.56,1.71,640.5
640,640x512,yolo+skydet,sirst_no_targets,255,0,,0.3294,1,,,,,6.95,7.97,143.8
960,960x768,yolo,sirst_sky_targets,514,305,0.6295,0.0233,1,0.553,0.699,0.793,0.5,2.8,3.01,357.6
960,960x768,yolo+skydet,sirst_sky_targets,514,305,0.8262,0.0292,1,0.78,0.885,0.862,0.75,8.26,9.33,121.1
960,960x768,yolo,sirst_sun_real,105,41,0.439,0.0571,1,0.44,0.467,,0.0,2.8,3.01,357.6
960,960x768,yolo+skydet,sirst_sun_real,105,41,0.8537,0.1143,1,0.88,0.8,,1.0,8.26,9.33,121.1
960,960x768,yolo,sirst_no_targets,255,0,,0.2078,1,,,,,2.8,3.01,357.6
960,960x768,yolo+skydet,sirst_no_targets,255,0,,0.3255,1,,,,,8.26,9.33,121.1
1280,1280x1024,yolo,sirst_sky_targets,514,305,0.5803,0.0311,1,0.528,0.637,0.69,0.25,4.83,6.1,207.1
1280,1280x1024,yolo+skydet,sirst_sky_targets,514,305,0.8033,0.0331,1,0.761,0.876,0.793,0.5,11.42,14.39,87.5
1280,1280x1024,yolo,sirst_sun_real,105,41,0.2683,0.0857,1,0.28,0.267,,0.0,4.83,6.1,207.1
1280,1280x1024,yolo+skydet,sirst_sun_real,105,41,0.8049,0.1238,1,0.84,0.733,,1.0,11.42,14.39,87.5
1280,1280x1024,yolo,sirst_no_targets,255,0,,0.2941,1,,,,,4.83,6.1,207.1
1280,1280x1024,yolo+skydet,sirst_no_targets,255,0,,0.3882,1,,,,,11.42,14.39,87.5
