sequence,frames,fp,targets,missed,scene,recall
new38_train-new,1495,448,1495,1171,MIXED,0.217
new37_train-new,1483,277,1483,697,MIXED,0.53
03_7951_1500-2999,1075,22,1028,303,MIXED,0.705
03_3780_0001-1499,1236,18,1236,162,MIXED,0.869
3700000000003_153109_1,1368,48,1172,127,MIXED,0.892
03_2499_0962-2461,1492,67,1481,58,MIXED,0.961
20190925_143900_1_4,411,34,411,72,MIXED,0.825
3700000000003_101944_1,1364,28,1122,45,MIXED,0.96
20190925_143900_1_5,391,21,391,49,MIXED,0.875
20190925_193610_1_4,237,29,150,4,AIR,0.973
new31_train-new,1500,6,1500,27,MIXED,0.982
20190925_193610_1_3,218,13,175,0,AIR,1.0
20190925_193610_1_9,187,4,183,9,AIR,0.951
20190926_193515_1_2,117,13,1,0,MIXED,1.0
20190925_143900_1_6,337,8,317,4,MIXED,0.987
20190925_193610_1_2,235,9,176,0,AIR,1.0
3700000000002_091121_1,31,9,0,0,GROUND,1.0
20190925_143900_1_2,311,4,309,4,AIR,0.987
20190925_143900_1_3,308,4,302,4,MIXED,0.987
20190925_193610_1_5,202,7,145,1,AIR,0.993
20190926_103046_1_3,112,8,2,0,MIXED,1.0
20190926_193515_1_4,7,7,0,0,GROUND,1.0
20190926_193515_1_3,9,6,0,0,GROUND,1.0
3700000000003_101808_1,1312,5,1278,0,AIR,1.0
20190925_193610_1_1,222,4,151,0,AIR,1.0
20190925_194211_1_3,201,0,181,3,MIXED,0.983
20190925_143900_1_7,347,0,347,2,MIXED,0.994
20190925_193610_1_8,191,1,187,1,AIR,0.995
20190925_194211_1_8,317,0,262,2,MIXED,0.992
20190926_103046_1_4,159,1,3,1,MIXED,0.667
20190925_193610_1_7,188,1,175,0,AIR,1.0
20190925_194211_1_7,202,0,194,1,AIR,0.995
20190925_143900_1_1,213,0,210,0,MIXED,1.0
20190925_143900_1_8,224,0,224,0,MIXED,1.0
20190925_193610_1_6,186,0,181,0,AIR,1.0
20190925_194211_1_1,190,0,179,0,AIR,1.0
20190925_194211_1_4,191,0,179,0,AIR,1.0
20190925_194211_1_6,197,0,190,0,AIR,1.0
20190926_102042_1_1,50,0,0,0,AIR,1.0
20190926_102042_1_2,16,0,0,0,GROUND,1.0
20190926_102042_1_3,159,0,2,0,MIXED,1.0
20190926_102042_1_5,194,0,8,0,MIXED,1.0
20190926_102042_1_6,192,0,25,0,AIR,1.0
20190926_102042_1_7,188,0,2,0,AIR,1.0
20190926_102042_1_8,181,0,14,0,AIR,1.0
20190926_102042_1_9,87,0,5,0,MIXED,1.0
20190926_103046_1_5,158,0,5,0,AIR,1.0
20190926_103046_1_6,157,0,13,0,AIR,1.0
20190926_103046_1_8,27,0,0,0,AIR,1.0
20190926_193515_1_5,54,0,1,0,MIXED,1.0
20190926_193515_1_6,50,0,0,0,MIXED,1.0
20190926_193515_1_8,46,0,0,0,AIR,1.0
3700000000002_091732_1,1480,0,1480,0,MIXED,1.0
new4_train_newfix,46,0,0,0,GROUND,1.0
